<?xml version='1.0' encoding='utf-8'?>
<!DOCTYPE hibernate-configuration PUBLIC
        "-//Hibernate/Hibernate Configuration DTD 3.0//EN"
        "http://hibernate.sourceforge.net/hibernate-configuration-3.0.dtd">
<hibernate-configuration>
  <session-factory>
    <property name="connection.driver_class">com.mysql.jdbc.Driver</property>
    <property name="connection.url">jdbc:mysql://localhost/a</property>
    <property name="connection.username">root</property>
    <property name="connection.password">abcd</property>
    <property name="connection.pool_size">1</property>
    <property name="dialect">org.hibernate.dialect.MySQLInnoDBDialect</property>
    <property name="current_session_context_class">thread</property>
    <property name="cache.provider_class">org.hibernate.cache.NoCacheProvider</property>
    <property name="show_sql">true</property>
    <property name="hbm2ddl.auto">validate</property>
    <mapping resource="map.xml"/>
  </session-factory>
</hibernate-configuration>
