<?xml version="1.0"?>
<!DOCTYPE hibernate-mapping PUBLIC
        "-//Hibernate/Hibernate Mapping DTD 3.0//EN"
        "http://hibernate.sourceforge.net/hibernate-mapping-3.0.dtd">

<hibernate-mapping package="nu" default-access="field">
  <class name="Student">
    <id name="studentId">
      <generator class="native"/>
    </id>
    <property name="name"/>
    <property name="email"/>
    <property name="matriculation" type="date"/>
    <set name="enrollment" table="Enrollment" cascade="all">
      <key column="studentId"/>
      <many-to-many column="code" class="Course"/>
    </set>
  </class>
  <class name="Course">
    <id name="code">
      <generator class="native"/>
    </id>
    <property name="name"/>
    <property name="description"/>
    <set name="roster" table="Enrollment" cascade="all" inverse="true">
      <key column="code"/>
      <many-to-many column="StudentId" class="Student"/>
    </set>
  </class>
</hibernate-mapping>
